01	Close-up of a woman's hands opening a cardboard delivery box on a bed, a coat inside, photorealistic DSLR photograph, 35mm lens, natural available light, shallow depth of field, Korean setting, no text no letters no signage no logos no brand marks no watermark
02	a Korean woman in her early 30s, shoulder-length dark brown hair, natural light makeup holding up a dark coat next to her laptop screen comparing colors, frowning, photorealistic DSLR photograph, 35mm lens, natural available light, shallow depth of field, Korean setting, no text no letters no signage no logos no brand marks no watermark
03	A young Korean woman customer service agent with a headset in a small office, dismissive expression, photorealistic DSLR photograph, 35mm lens, natural available light, shallow depth of field, Korean setting, no text no letters no signage no logos no brand marks no watermark
04	Close-up of a laptop screen showing a long list of comment bubbles, blurred, photorealistic DSLR photograph, 35mm lens, natural available light, shallow depth of field, Korean setting, no text no letters no signage no logos no brand marks no watermark
05	a Korean woman in her early 30s, shoulder-length dark brown hair, natural light makeup at a cafe table reading on her laptop with a determined face, photorealistic DSLR photograph, 35mm lens, natural available light, shallow depth of field, Korean setting, no text no letters no signage no logos no brand marks no watermark
06	Close-up of an open law book on a desk with a finger pointing at a line, warm lamp light, photorealistic DSLR photograph, 35mm lens, natural available light, shallow depth of field, Korean setting, no text no letters no signage no logos no brand marks no watermark
07	Close-up of a calculator and Korean banknotes on a desk next to a smartphone, photorealistic DSLR photograph, 35mm lens, natural available light, shallow depth of field, Korean setting, no text no letters no signage no logos no brand marks no watermark
08	Close-up of a woman's hand typing a message on a smartphone, screen glowing, photorealistic DSLR photograph, 35mm lens, natural available light, shallow depth of field, Korean setting, no text no letters no signage no logos no brand marks no watermark
09	Close-up of a smartphone in a woman's hand showing a big green checkmark icon, bright background, photorealistic DSLR photograph, 35mm lens, natural available light, shallow depth of field, Korean setting, no text no letters no signage no logos no brand marks no watermark
10	A young Korean woman customer service agent with a headset looking flustered at her monitor, photorealistic DSLR photograph, 35mm lens, natural available light, shallow depth of field, Korean setting, no text no letters no signage no logos no brand marks no watermark
