01	A large group of runners in athletic wear jogging past the stone walls of Gyeongbokgung palace in Seoul at dawn, traditional Korean palace gate in background, photorealistic DSLR photograph, 35mm lens, natural available light, shallow depth of field, Korean setting, no text no letters no signage no logos no brand marks no watermark
02	Aerial view of a running route through old Seoul streets around a palace, drawn as a glowing line on a dark map, no text, photorealistic DSLR photograph, 35mm lens, natural available light, shallow depth of field, Korean setting, no text no letters no signage no logos no brand marks no watermark
03	A crowd of Korean runners in matching crew shirts stretching in front of a palace plaza in the early morning, photorealistic DSLR photograph, 35mm lens, natural available light, shallow depth of field, Korean setting, no text no letters no signage no logos no brand marks no watermark
04	a Korean woman in her early 30s, shoulder-length dark brown hair, natural light makeup in running gear standing with a heavy backpack at her feet looking around a palace plaza, photorealistic DSLR photograph, 35mm lens, natural available light, shallow depth of field, Korean setting, no text no letters no signage no logos no brand marks no watermark
05	Rows of free coin lockers in a museum lobby, several doors open with backpacks and running shoes stuffed inside, photorealistic DSLR photograph, 35mm lens, natural available light, shallow depth of field, Korean setting, no text no letters no signage no logos no brand marks no watermark
06	a Korean woman in her early 30s, shoulder-length dark brown hair, natural light makeup in running gear with a smug shrug next to museum lockers, photorealistic DSLR photograph, 35mm lens, natural available light, shallow depth of field, Korean setting, no text no letters no signage no logos no brand marks no watermark
07	An elderly Korean couple in a museum lobby holding their bags awkwardly in front of fully occupied lockers, photorealistic DSLR photograph, 35mm lens, natural available light, shallow depth of field, Korean setting, no text no letters no signage no logos no brand marks no watermark
08	Close-up of a smartphone screen showing a social media post card with a museum photo, no readable text, held in a hand, photorealistic DSLR photograph, 35mm lens, natural available light, shallow depth of field, Korean setting, no text no letters no signage no logos no brand marks no watermark
09	Close-up of a museum locker door being closed with a small paper notice taped on it, no readable text, photorealistic DSLR photograph, 35mm lens, natural available light, shallow depth of field, Korean setting, no text no letters no signage no logos no brand marks no watermark
10	A row of paid coin lockers in a Seoul subway station corridor, a hand inserting coins, photorealistic DSLR photograph, 35mm lens, natural available light, shallow depth of field, Korean setting, no text no letters no signage no logos no brand marks no watermark
