01	a red painted fire lane area in front of an apartment building blocked by a parked sedan, daylight, photorealistic DSLR photograph, 35mm lens, natural available light, shallow depth of field, Korean setting, no text no letters no signage no logos no brand marks no watermark
02	a fire engine stopped at the edge of an apartment driveway, daylight, wide shot, photorealistic DSLR photograph, 35mm lens, natural available light, shallow depth of field, Korean setting, no text no letters no signage no logos no brand marks no watermark
03	a Korean man in his mid 30s, short wavy black hair, light stubble, sturdy build standing beside his car waving dismissively, apartment courtyard daylight, photorealistic DSLR photograph, 35mm lens, natural available light, shallow depth of field, Korean setting, no text no letters no signage no logos no brand marks no watermark
04	an apartment lobby entrance with an elevator, no people, daylight, photorealistic DSLR photograph, 35mm lens, natural available light, shallow depth of field, Korean setting, no text no letters no signage no logos no brand marks no watermark
05	an intercom speaker on an apartment wall, close-up, daylight, photorealistic DSLR photograph, 35mm lens, natural available light, shallow depth of field, Korean setting, no text no letters no signage no logos no brand marks no watermark
06	close-up of an open thick law book on a wooden desk with a pen resting on the page, warm reading lamp, shallow focus, photorealistic DSLR photograph, 35mm lens, natural available light, shallow depth of field, Korean setting, no text no letters no signage no logos no brand marks no watermark
07	close-up of red painted lane markings on asphalt, top-down, daylight, photorealistic DSLR photograph, 35mm lens, natural available light, shallow depth of field, Korean setting, no text no letters no signage no logos no brand marks no watermark
08	close-up of a plain printed notice sheet on a desk beside a calculator, overhead light, top-down, photorealistic DSLR photograph, 35mm lens, natural available light, shallow depth of field, Korean setting, no text no letters no signage no logos no brand marks no watermark
09	a Korean woman in her early 30s, shoulder-length dark brown hair, natural light makeup standing in an apartment courtyard looking at a parked car with concern, daylight, photorealistic DSLR photograph, 35mm lens, natural available light, shallow depth of field, Korean setting, no text no letters no signage no logos no brand marks no watermark
10	a fire engine ladder extended beside an apartment building, daylight, photorealistic DSLR photograph, 35mm lens, natural available light, shallow depth of field, Korean setting, no text no letters no signage no logos no brand marks no watermark
11	a cornerstone plaque area on an apartment wall, blank, daylight, photorealistic DSLR photograph, 35mm lens, natural available light, shallow depth of field, Korean setting, no text no letters no signage no logos no brand marks no watermark
12	close-up of faded road paint being scrubbed on asphalt, daylight, photorealistic DSLR photograph, 35mm lens, natural available light, shallow depth of field, Korean setting, no text no letters no signage no logos no brand marks no watermark
13	close-up of a bank transfer screen blurred on a smartphone held in a hand, blurred indoor background, photorealistic DSLR photograph, 35mm lens, natural available light, shallow depth of field, Korean setting, no text no letters no signage no logos no brand marks no watermark
14	an empty red fire lane in front of an apartment building at golden hour, photorealistic DSLR photograph, 35mm lens, natural available light, shallow depth of field, Korean setting, no text no letters no signage no logos no brand marks no watermark
