01	A large dog running free without a leash across a Korean apartment complex park lawn in the evening, photorealistic DSLR photograph, 35mm lens, natural available light, shallow depth of field, Korean setting, no text no letters no signage no logos no brand marks no watermark
02	a Korean woman in her early 30s, shoulder-length dark brown hair, natural light makeup in athleisure standing in a park with a leash coiled in her hand, large dog running in the background, smug expression, photorealistic DSLR photograph, 35mm lens, natural available light, shallow depth of field, Korean setting, no text no letters no signage no logos no brand marks no watermark
03	a Korean woman in her early 30s, shoulder-length dark brown hair, natural light makeup in athleisure with arms crossed and a dismissive expression in a park, photorealistic DSLR photograph, 35mm lens, natural available light, shallow depth of field, Korean setting, no text no letters no signage no logos no brand marks no watermark
04	A young Korean mother with a stroller frozen on a park path, large dog approaching in the distance, photorealistic DSLR photograph, 35mm lens, natural available light, shallow depth of field, Korean setting, no text no letters no signage no logos no brand marks no watermark
05	a Korean man in his early 30s, short black hair, clean-shaven, slim build in a jacket calmly holding up a smartphone recording video in a park, photorealistic DSLR photograph, 35mm lens, natural available light, shallow depth of field, Korean setting, no text no letters no signage no logos no brand marks no watermark
06	Close-up of a red dog leash and harness hanging on a hook by a front door, photorealistic DSLR photograph, 35mm lens, natural available light, shallow depth of field, Korean setting, no text no letters no signage no logos no brand marks no watermark
07	Close-up of several white official envelopes on a table with a calculator, photorealistic DSLR photograph, 35mm lens, natural available light, shallow depth of field, Korean setting, no text no letters no signage no logos no brand marks no watermark
08	Close-up of an open law book with a finger on a highlighted line, photorealistic DSLR photograph, 35mm lens, natural available light, shallow depth of field, Korean setting, no text no letters no signage no logos no brand marks no watermark
09	Close-up of a hand tapping send on a smartphone, park background, photorealistic DSLR photograph, 35mm lens, natural available light, shallow depth of field, Korean setting, no text no letters no signage no logos no brand marks no watermark
10	a Korean woman in her early 30s, shoulder-length dark brown hair, natural light makeup holding a stack of envelopes at an apartment mailbox with a shocked face, photorealistic DSLR photograph, 35mm lens, natural available light, shallow depth of field, Korean setting, no text no letters no signage no logos no brand marks no watermark
