01	Extreme close-up of a deep door ding dent with paint chipped on the door of a shiny new dark gray sedan in a supermarket parking lot, photorealistic DSLR photograph, 35mm lens, natural available light, shallow depth of field, Korean setting, no text no letters no signage no logos no brand marks no watermark
02	A large SUV parked very close beside a new dark gray sedan in a supermarket parking lot, the SUV door swung wide open touching the sedan door, photorealistic DSLR photograph, 35mm lens, natural available light, shallow depth of field, Korean setting, no text no letters no signage no logos no brand marks no watermark
03	a Korean man in his mid 30s, short wavy black hair, light stubble, sturdy build seen from behind walking away toward a supermarket entrance, glancing back over his shoulder, parking lot, photorealistic DSLR photograph, 35mm lens, natural available light, shallow depth of field, Korean setting, no text no letters no signage no logos no brand marks no watermark
04	A new dark gray sedan parked alone with an empty parking space beside it, supermarket parking lot in the afternoon, photorealistic DSLR photograph, 35mm lens, natural available light, shallow depth of field, Korean setting, no text no letters no signage no logos no brand marks no watermark
05	Close-up of hands holding a small microSD card next to a windshield dashcam inside a car, photorealistic DSLR photograph, 35mm lens, natural available light, shallow depth of field, Korean setting, no text no letters no signage no logos no brand marks no watermark
06	a Korean man in his early 30s, short black hair, clean-shaven, slim build standing in a parking lot holding a smartphone to his ear, listening with a stern face, photorealistic DSLR photograph, 35mm lens, natural available light, shallow depth of field, Korean setting, no text no letters no signage no logos no brand marks no watermark
07	Close-up of a thick law book open on a dark wooden desk with a pen, dramatic low key lighting, no readable text, photorealistic DSLR photograph, 35mm lens, natural available light, shallow depth of field, Korean setting, no text no letters no signage no logos no brand marks no watermark
08	Close-up of a hand holding a blank yellow traffic ticket paper at a car window, police officer uniform sleeve, no readable text, photorealistic DSLR photograph, 35mm lens, natural available light, shallow depth of field, Korean setting, no text no letters no signage no logos no brand marks no watermark
09	Close-up of a dashcam screen showing a paused parking lot recording of a car door opening, glowing screen, no readable text, photorealistic DSLR photograph, 35mm lens, natural available light, shallow depth of field, Korean setting, no text no letters no signage no logos no brand marks no watermark
10	a Korean man in his mid 30s, short wavy black hair, light stubble, sturdy build sitting at a police station counter, flustered, rubbing the back of his neck, photorealistic DSLR photograph, 35mm lens, natural available light, shallow depth of field, Korean setting, no text no letters no signage no logos no brand marks no watermark
11	Close-up of a car body shop worker's hand holding a paint gun spraying a car door panel, fresh paint, garage, photorealistic DSLR photograph, 35mm lens, natural available light, shallow depth of field, Korean setting, no text no letters no signage no logos no brand marks no watermark
12	a Korean man in his early 30s, short black hair, clean-shaven, slim build tapping a small dashcam on the windshield of his parked car to switch on parking mode, interior view, photorealistic DSLR photograph, 35mm lens, natural available light, shallow depth of field, Korean setting, no text no letters no signage no logos no brand marks no watermark
