01	close-up of a car rear license plate area covered by a glossy transparent cover, low angle, daylight, photorealistic DSLR photograph, 35mm lens, natural available light, shallow depth of field, Korean setting, no text no letters no signage no logos no brand marks no watermark
02	a highway speed camera gantry seen from a passing car at dusk, motion blur, photorealistic DSLR photograph, 35mm lens, natural available light, shallow depth of field, Korean setting, no text no letters no signage no logos no brand marks no watermark
03	a Korean man in his mid 30s, short wavy black hair, light stubble, sturdy build standing behind his parked car gesturing defensively, street daylight, photorealistic DSLR photograph, 35mm lens, natural available light, shallow depth of field, Korean setting, no text no letters no signage no logos no brand marks no watermark
04	extreme close-up of a plate cover reflecting light on a parked sedan, macro, daylight, photorealistic DSLR photograph, 35mm lens, natural available light, shallow depth of field, Korean setting, no text no letters no signage no logos no brand marks no watermark
05	a quiet suburban road with a speed camera pole, empty, overcast, photorealistic DSLR photograph, 35mm lens, natural available light, shallow depth of field, Korean setting, no text no letters no signage no logos no brand marks no watermark
06	a Korean man in his early 30s, short black hair, clean-shaven, slim build at a home desk reviewing papers with a focused face, night lamp, photorealistic DSLR photograph, 35mm lens, natural available light, shallow depth of field, Korean setting, no text no letters no signage no logos no brand marks no watermark
07	close-up of an open thick law book on a wooden desk with a pen resting on the page, warm reading lamp, shallow focus, photorealistic DSLR photograph, 35mm lens, natural available light, shallow depth of field, Korean setting, no text no letters no signage no logos no brand marks no watermark
08	close-up of a plain printed notice sheet on a desk beside a calculator, overhead light, top-down, photorealistic DSLR photograph, 35mm lens, natural available light, shallow depth of field, Korean setting, no text no letters no signage no logos no brand marks no watermark
09	a police officer's gloved hand pointing at a car rear plate area, daylight, close-up, photorealistic DSLR photograph, 35mm lens, natural available light, shallow depth of field, Korean setting, no text no letters no signage no logos no brand marks no watermark
10	a Korean woman in her early 30s, shoulder-length dark brown hair, natural light makeup in a car looking at a dashcam screen with a surprised expression, daylight, photorealistic DSLR photograph, 35mm lens, natural available light, shallow depth of field, Korean setting, no text no letters no signage no logos no brand marks no watermark
11	close-up of a dashcam mounted on a windshield from inside, road blurred ahead, photorealistic DSLR photograph, 35mm lens, natural available light, shallow depth of field, Korean setting, no text no letters no signage no logos no brand marks no watermark
12	a row of parked cars in an outdoor lot photographed from behind at plate height, daylight, photorealistic DSLR photograph, 35mm lens, natural available light, shallow depth of field, Korean setting, no text no letters no signage no logos no brand marks no watermark
13	an office desk with a stamped document and a pen, overhead light, top-down, photorealistic DSLR photograph, 35mm lens, natural available light, shallow depth of field, Korean setting, no text no letters no signage no logos no brand marks no watermark
14	close-up of hands removing a plastic cover from a car plate area, daylight, photorealistic DSLR photograph, 35mm lens, natural available light, shallow depth of field, Korean setting, no text no letters no signage no logos no brand marks no watermark
15	a Korean man in his early 30s, short black hair, clean-shaven, slim build standing beside his car in a residential street, back to camera, morning light, photorealistic DSLR photograph, 35mm lens, natural available light, shallow depth of field, Korean setting, no text no letters no signage no logos no brand marks no watermark
