01	A silver sedan driving on the highway shoulder past a long line of stopped cars in a traffic jam, aerial view, daytime, photorealistic DSLR photograph, 35mm lens, natural available light, shallow depth of field, Korean setting, no text no letters no signage no logos no brand marks no watermark
02	A crowded Korean expressway toll gate with barrier arms raised, heavy holiday traffic, photorealistic DSLR photograph, 35mm lens, natural available light, shallow depth of field, Korean setting, no text no letters no signage no logos no brand marks no watermark
03	Aerial view of a jammed multi-lane expressway, one car cutting along the shoulder, photorealistic DSLR photograph, 35mm lens, natural available light, shallow depth of field, Korean setting, no text no letters no signage no logos no brand marks no watermark
04	a Korean man in his mid 30s, short wavy black hair, light stubble, sturdy build behind the wheel of a sedan grinning and glancing at the side mirror, photorealistic DSLR photograph, 35mm lens, natural available light, shallow depth of field, Korean setting, no text no letters no signage no logos no brand marks no watermark
05	A quadcopter surveillance drone hovering above a highway with a camera gimbal, blue sky, photorealistic DSLR photograph, 35mm lens, natural available light, shallow depth of field, Korean setting, no text no letters no signage no logos no brand marks no watermark
06	Close-up of a drone camera gimbal lens, expressway blurred far below, photorealistic DSLR photograph, 35mm lens, natural available light, shallow depth of field, Korean setting, no text no letters no signage no logos no brand marks no watermark
07	A patrol drone flying low over a highway with police cars stopped on the shoulder below, photorealistic DSLR photograph, 35mm lens, natural available light, shallow depth of field, Korean setting, no text no letters no signage no logos no brand marks no watermark
08	Close-up of a traffic penalty notice envelope and car keys on a kitchen table, photorealistic DSLR photograph, 35mm lens, natural available light, shallow depth of field, Korean setting, no text no letters no signage no logos no brand marks no watermark
09	a Korean man in his mid 30s, short wavy black hair, light stubble, sturdy build standing beside his sedan on the highway shoulder looking up at the sky with a shocked face, photorealistic DSLR photograph, 35mm lens, natural available light, shallow depth of field, Korean setting, no text no letters no signage no logos no brand marks no watermark
10	A quiet Korean expressway at dawn with a drone silhouette against the sunrise, photorealistic DSLR photograph, 35mm lens, natural available light, shallow depth of field, Korean setting, no text no letters no signage no logos no brand marks no watermark
